model,precision,ok,stable_vs_fp32,argmax_agree,mean_kl,max_abs_dlogp,nonfinite,batch==single,batch_kl,tok_per_s,peak_GB,greedy_same,error
gemma3-4b,bf16,True,True,1.0,0.0002369045396335423,0.6063132286071777,0.0,1.0,0.0,284.9901714788627,9.508378112,"[True, False]",
gemma3-4b,fp16,True,False,,,,24.0,,,2430.809721500135,9.500300288,"[False, False]",
gemma3-4b,fp32,True,True,,,,,1.0,2.927693643073326e-09,441.091921610467,20.070728704,,
gemma3-4b,int8,True,False,0.375,3.917175054550171,29.266189575195312,0.0,0.17391304347826086,2.8889670372009277,1547.095291327401,6.135830016,"[False, False]",
gemma3-4b,nf4,True,False,,,,24.0,,,1925.7085605783598,4.347936768,"[False, False]",
nilechat-4b,bf16,True,True,1.0,0.0003201377403456718,0.1402115821838379,0.0,1.0,0.0,263.1120084649044,8.666432512,"[True, False]",
nilechat-4b,fp16,True,False,,,,24.0,,,2249.006399385883,8.660699648,"[False, False]",
nilechat-4b,fp32,True,True,,,,,1.0,-1.328621390683793e-08,369.32876717714123,18.3835264,,
nilechat-4b,int8,True,False,0.5,1.2889788150787354,9.62353515625,20.0,1.0,0.05365579202771187,1604.452694651323,5.632882688,"[False, False]",
nilechat-4b,nf4,True,False,,,,24.0,,,1851.0161630348234,4.09247488,"[False, False]",
qwen3.5-4b,bf16,True,True,1.0,0.00016089860582724214,0.15520429611206055,0.0,1.0,0.00033312206505797803,229.10853297220868,9.525959168,"[True, True]",
qwen3.5-4b,fp16,True,True,1.0,2.722973704294418e-06,0.021590232849121094,0.0,1.0,4.399102635943564e-06,918.3509322260453,9.526286848,"[True, True]",
qwen3.5-4b,fp32,True,True,,,,,1.0,-1.3301003853882776e-08,306.5792132985006,19.511632896,,
qwen3.5-4b,int8,True,True,0.9583333333333334,0.004711089190095663,0.8203725814819336,0.0,0.9583333333333334,0.00581224774941802,1106.7616169746038,5.96339712,"[True, True]",
qwen3.5-4b,nf4,True,False,0.9583333333333334,0.035837139934301376,2.0815389156341553,0.0,1.0,3.1753372695675353e-06,1079.994942329851,4.438467072,"[False, False]",
